material,E1,E2,E3,G23,G13,G12,nu12,nu13,nu23
EW,0.356881,0.321782,7.947101,0.668334,0.67775,0.010085,0.584507,0.032323,0.026501
TW,0.699754,1.036053,16.48965,1.3046,1.27048,0.071172,0.334129,0.030309,0.042575
LW,1.619014,2.111025,28.343271,2.156751,2.078033,0.232579,0.257884,0.04025,0.05253
GR,0.60111,0.895724,14.474525,1.156334,0.934196,0.018172,0.316995,0.028952,0.042513
